{
    "name": "root",
    "gauges": {
        "DriveAroundTrack.Policy.Entropy.mean": {
            "value": 1.0296043157577515,
            "min": 0.9881376028060913,
            "max": 1.2574819326400757,
            "count": 10
        },
        "DriveAroundTrack.Policy.ExtrinsicValueEstimate.mean": {
            "value": 6.4394145011901855,
            "min": 6.305505275726318,
            "max": 6.4394145011901855,
            "count": 10
        },
        "DriveAroundTrack.Losses.PolicyLoss.mean": {
            "value": 0.02346300580538809,
            "min": 0.020747809696088856,
            "max": 0.027496692842493453,
            "count": 10
        },
        "DriveAroundTrack.Losses.ValueLoss.mean": {
            "value": 0.04043767347931861,
            "min": 0.04043767347931861,
            "max": 0.08080785890420278,
            "count": 10
        },
        "DriveAroundTrack.Policy.LearningRate.mean": {
            "value": 1.5859894713400002e-05,
            "min": 1.5859894713400002e-05,
            "max": 0.00028456125514625,
            "count": 10
        },
        "DriveAroundTrack.Policy.Epsilon.mean": {
            "value": 0.10528660000000001,
            "min": 0.10528660000000001,
            "max": 0.19485375000000002,
            "count": 10
        },
        "DriveAroundTrack.Policy.Beta.mean": {
            "value": 0.0002738013400000002,
            "min": 0.0002738013400000002,
            "max": 0.004743202125,
            "count": 10
        },
        "DriveAroundTrack.Environment.EpisodeLength.mean": {
            "value": 64287.0,
            "min": 8366.5,
            "max": 64287.0,
            "count": 7
        },
        "DriveAroundTrack.Environment.CumulativeReward.mean": {
            "value": 4149.5,
            "min": 531.6666666666666,
            "max": 4149.5,
            "count": 7
        },
        "DriveAroundTrack.Policy.ExtrinsicReward.mean": {
            "value": 4149.5,
            "min": 531.6666666666666,
            "max": 4149.5,
            "count": 7
        },
        "DriveAroundTrack.IsTraining.mean": {
            "value": 1.0,
            "min": 1.0,
            "max": 1.0,
            "count": 10
        }
    },
    "metadata": {
        "timer_format_version": "0.1.0",
        "start_time_seconds": "1617706342",
        "python_version": "3.7.9 (tags/v3.7.9:13c94747c7, Aug 17 2020, 18:58:18) [MSC v.1900 64 bit (AMD64)]",
        "command_line_arguments": "C:\\Unity\\Projects\\Track\\venv\\Scripts\\mlagents-learn --initialize-from=Train7 --run-id=Train8",
        "mlagents_version": "0.23.0",
        "mlagents_envs_version": "0.23.0",
        "communication_protocol_version": "1.3.0",
        "pytorch_version": "1.7.1+cu110",
        "numpy_version": "1.18.5",
        "end_time_seconds": "1617710971"
    },
    "total": 4628.3103677,
    "count": 1,
    "self": 0.01331540000046516,
    "children": {
        "run_training.setup": {
            "total": 0.03160090000000082,
            "count": 1,
            "self": 0.03160090000000082
        },
        "TrainerController.start_learning": {
            "total": 4628.2654514,
            "count": 1,
            "self": 13.558477199883782,
            "children": {
                "TrainerController._reset_env": {
                    "total": 12.658055899999999,
                    "count": 1,
                    "self": 12.658055899999999
                },
                "TrainerController.advance": {
                    "total": 4601.963456200116,
                    "count": 500082,
                    "self": 7.334675900076036,
                    "children": {
                        "env_step": {
                            "total": 4594.62878030004,
                            "count": 500082,
                            "self": 2813.996763599812,
                            "children": {
                                "SubprocessEnvManager._take_step": {
                                    "total": 1773.517667100089,
                                    "count": 500082,
                                    "self": 34.099859800051036,
                                    "children": {
                                        "TorchPolicy.evaluate": {
                                            "total": 1739.417807300038,
                                            "count": 500072,
                                            "self": 543.9345993000661,
                                            "children": {
                                                "TorchPolicy.sample_actions": {
                                                    "total": 1195.483207999972,
                                                    "count": 500072,
                                                    "self": 1195.483207999972
                                                }
                                            }
                                        }
                                    }
                                },
                                "workers": {
                                    "total": 7.114349600138642,
                                    "count": 500082,
                                    "self": 0.0,
                                    "children": {
                                        "worker_root": {
                                            "total": 4601.253907500086,
                                            "count": 500082,
                                            "is_parallel": true,
                                            "self": 2322.106585299997,
                                            "children": {
                                                "steps_from_proto": {
                                                    "total": 0.0005943000000012688,
                                                    "count": 1,
                                                    "is_parallel": true,
                                                    "self": 0.00021960000000298407,
                                                    "children": {
                                                        "_process_vector_observation": {
                                                            "total": 0.00037469999999828474,
                                                            "count": 4,
                                                            "is_parallel": true,
                                                            "self": 0.00037469999999828474
                                                        }
                                                    }
                                                },
                                                "UnityEnvironment.step": {
                                                    "total": 2279.146727900089,
                                                    "count": 500082,
                                                    "is_parallel": true,
                                                    "self": 44.424357099856934,
                                                    "children": {
                                                        "UnityEnvironment._generate_step_input": {
                                                            "total": 38.516198499968986,
                                                            "count": 500082,
                                                            "is_parallel": true,
                                                            "self": 38.516198499968986
                                                        },
                                                        "communicator.exchange": {
                                                            "total": 2042.7299463001,
                                                            "count": 500082,
                                                            "is_parallel": true,