{
    "name": "root",
    "gauges": {
        "DriveAroundTrack.Policy.Entropy.mean": {
            "value": 1.5688313245773315,
            "min": 1.5688313245773315,
            "max": 1.758806824684143,
            "count": 10
        },
        "DriveAroundTrack.Policy.ExtrinsicValueEstimate.mean": {
            "value": 2.923372983932495,
            "min": 2.702991247177124,
            "max": 2.9840126037597656,
            "count": 10
        },
        "DriveAroundTrack.Environment.EpisodeLength.mean": {
            "value": 1965.76,
            "min": 1965.76,
            "max": 22641.25,
            "count": 10
        },
        "DriveAroundTrack.Environment.CumulativeReward.mean": {
            "value": 63.07692307692308,
            "min": 63.07692307692308,
            "max": 674.0,
            "count": 10
        },
        "DriveAroundTrack.Policy.ExtrinsicReward.mean": {
            "value": 63.07692307692308,
            "min": 63.07692307692308,
            "max": 674.0,
            "count": 10
        },
        "DriveAroundTrack.Losses.PolicyLoss.mean": {
            "value": 0.02385352095589042,
            "min": 0.02092495511751622,
            "max": 0.024507383620366453,
            "count": 10
        },
        "DriveAroundTrack.Losses.ValueLoss.mean": {
            "value": 0.06099644921720029,
            "min": 0.03009597022086382,
            "max": 0.06099644921720029,
            "count": 10
        },
        "DriveAroundTrack.Policy.LearningRate.mean": {
            "value": 1.6305094564999993e-05,
            "min": 1.6305094564999993e-05,
            "max": 0.00028458720513759993,
            "count": 10
        },
        "DriveAroundTrack.Policy.Epsilon.mean": {
            "value": 0.10543500000000001,
            "min": 0.10543500000000001,
            "max": 0.19486240000000002,
            "count": 10
        },
        "DriveAroundTrack.Policy.Beta.mean": {
            "value": 0.00028120650000000005,
            "min": 0.00028120650000000005,
            "max": 0.004743633759999999,
            "count": 10
        },
        "DriveAroundTrack.IsTraining.mean": {
            "value": 1.0,
            "min": 1.0,
            "max": 1.0,
            "count": 10
        }
    },
    "metadata": {
        "timer_format_version": "0.1.0",
        "start_time_seconds": "1617634660",
        "python_version": "3.7.9 (tags/v3.7.9:13c94747c7, Aug 17 2020, 18:58:18) [MSC v.1900 64 bit (AMD64)]",
        "command_line_arguments": "C:\\Unity\\Projects\\Track\\venv\\Scripts\\mlagents-learn --initialize-from=Train4 --run-id=Train5",
        "mlagents_version": "0.23.0",
        "mlagents_envs_version": "0.23.0",
        "communication_protocol_version": "1.3.0",
        "pytorch_version": "1.7.1+cu110",
        "numpy_version": "1.18.5",
        "end_time_seconds": "1617638403"
    },
    "total": 3743.0781257,
    "count": 1,
    "self": 0.008726200000182871,
    "children": {
        "run_training.setup": {
            "total": 0.03585599999999989,
            "count": 1,
            "self": 0.03585599999999989
        },
        "TrainerController.start_learning": {
            "total": 3743.0335434999997,
            "count": 1,
            "self": 12.050058499885381,
            "children": {
                "TrainerController._reset_env": {
                    "total": 28.6035905,
                    "count": 1,
                    "self": 28.6035905
                },
                "TrainerController.advance": {
                    "total": 3702.3120153001146,
                    "count": 500059,
                    "self": 6.288956300360951,
                    "children": {
                        "env_step": {
                            "total": 3696.0230589997536,
                            "count": 500059,
                            "self": 2119.999978999713,
                            "children": {
                                "SubprocessEnvManager._take_step": {
                                    "total": 1569.9344243000046,
                                    "count": 500059,
                                    "self": 24.490410900021743,
                                    "children": {
                                        "TorchPolicy.evaluate": {
                                            "total": 1545.4440133999829,
                                            "count": 500059,
                                            "self": 501.9896169001472,
                                            "children": {
                                                "TorchPolicy.sample_actions": {
                                                    "total": 1043.4543964998356,
                                                    "count": 500059,
                                                    "self": 1043.4543964998356
                                                }
                                            }
                                        }
                                    }
                                },
                                "workers": {
                                    "total": 6.088655700035872,
                                    "count": 500059,
                                    "self": 0.0,
                                    "children": {
                                        "worker_root": {
                                            "total": 3703.3488557000524,
                                            "count": 500059,
                                            "is_parallel": true,
                                            "self": 2037.389324200145,
                                            "children": {
                                                "steps_from_proto": {
                                                    "total": 0.02424779999999771,
                                                    "count": 1,
                                                    "is_parallel": true,
                                                    "self": 0.00025899999999268175,
                                                    "children": {
                                                        "_process_vector_observation": {
                                                            "total": 0.02398880000000503,
                                                            "count": 4,
                                                            "is_parallel": true,
                                                            "self": 0.02398880000000503
                                                        }
                                                    }
                                                },
                                                "UnityEnvironment.step": {
                                                    "total": 1665.9352836999074,
                                                    "count": 500059,
                                                    "is_parallel": true,
                                                    "self": 38.19960099999503,
                                                    "children": {
                                                        "UnityEnvironment._generate_step_input": {
                                                            "total": 31.30152779997911,
                                                            "count": 500059,
                                                            "is_parallel": true,
                                                            "self": 31.30152779997911
                                                        },
                                                        "communicator.exchange": {
                                                            "total": 1460.4730940000013,
                                                            "count": 500059,