{
    "name": "root",
    "gauges": {
        "DriveAroundTrack.Policy.Entropy.mean": {
            "value": 1.4241799116134644,
            "min": 1.4241799116134644,
            "max": 1.4241799116134644,
            "count": 1
        },
        "DriveAroundTrack.Policy.ExtrinsicValueEstimate.mean": {
            "value": -0.004428542219102383,
            "min": -0.004428542219102383,
            "max": -0.004428542219102383,
            "count": 1
        },
        "DriveAroundTrack.Losses.PolicyLoss.mean": {
            "value": 0.2534045620817667,
            "min": 0.2534045620817667,
            "max": 0.2534045620817667,
            "count": 1
        },
        "DriveAroundTrack.Losses.ValueLoss.mean": {
            "value": 0.0001239000259947673,
            "min": 0.0001239000259947673,
            "max": 0.0001239000259947673,
            "count": 1
        },
        "DriveAroundTrack.Policy.LearningRate.mean": {
            "value": 0.00029998502400499196,
            "min": 0.00029998502400499196,
            "max": 0.00029998502400499196,
            "count": 1
        },
        "DriveAroundTrack.Policy.Epsilon.mean": {
            "value": 0.19999500800000003,
            "min": 0.19999500800000003,
            "max": 0.19999500800000003,
            "count": 1
        },
        "DriveAroundTrack.Policy.Beta.mean": {
            "value": 0.0004999755392,
            "min": 0.0004999755392,
            "max": 0.0004999755392,
            "count": 1
        },
        "DriveAroundTrack.IsTraining.mean": {
            "value": 1.0,
            "min": 1.0,
            "max": 1.0,
            "count": 1
        }
    },
    "metadata": {
        "timer_format_version": "0.1.0",
        "start_time_seconds": "1660821807",
        "python_version": "3.7.9 (tags/v3.7.9:13c94747c7, Aug 17 2020, 18:58:18) [MSC v.1900 64 bit (AMD64)]",
        "command_line_arguments": "C:\\Unity\\Projects\\Track\\venv\\Scripts\\mlagents-learn config/trainerconfig.yaml --run-id=conTrain1",
        "mlagents_version": "0.23.0",
        "mlagents_envs_version": "0.23.0",
        "communication_protocol_version": "1.3.0",
        "pytorch_version": "1.7.1+cu110",
        "numpy_version": "1.18.5",
        "end_time_seconds": "1660821873"
    },
    "total": 66.2495711,
    "count": 1,
    "self": 0.0070692000000036614,
    "children": {
        "run_training.setup": {
            "total": 0.031962500000000116,
            "count": 1,
            "self": 0.031962500000000116
        },
        "TrainerController.start_learning": {
            "total": 66.21053939999999,
            "count": 1,
            "self": 1.0714399000000867,
            "children": {
                "TrainerController._reset_env": {
                    "total": 9.1832979,
                    "count": 1,
                    "self": 9.1832979
                },
                "TrainerController.advance": {
                    "total": 55.77389049999991,
                    "count": 2384,
                    "self": 0.03496069999987128,
                    "children": {
                        "env_step": {
                            "total": 55.73892980000004,
                            "count": 2384,
                            "self": 48.04825419999973,
                            "children": {
                                "SubprocessEnvManager._take_step": {
                                    "total": 7.658294100000084,
                                    "count": 2384,
                                    "self": 0.15948150000017058,
                                    "children": {
                                        "TorchPolicy.evaluate": {
                                            "total": 7.498812599999914,
                                            "count": 2384,
                                            "self": 2.706233899999937,
                                            "children": {
                                                "TorchPolicy.sample_actions": {
                                                    "total": 4.792578699999977,
                                                    "count": 2384,
                                                    "self": 4.792578699999977
                                                }
                                            }
                                        }
                                    }
                                },
                                "workers": {
                                    "total": 0.03238150000021989,
                                    "count": 2383,
                                    "self": 0.0,
                                    "children": {
                                        "worker_root": {
                                            "total": 59.302501599999964,
                                            "count": 2383,
                                            "is_parallel": true,
                                            "self": 45.641141900000235,
                                            "children": {
                                                "steps_from_proto": {
                                                    "total": 0.004001399999999933,
                                                    "count": 1,
                                                    "is_parallel": true,
                                                    "self": 0.00010949999999887439,
                                                    "children": {
                                                        "_process_vector_observation": {
                                                            "total": 0.0038919000000010584,
                                                            "count": 4,
                                                            "is_parallel": true,
                                                            "self": 0.0038919000000010584
                                                        }
                                                    }
                                                },
                                                "UnityEnvironment.step": {
                                                    "total": 13.657358299999727,
                                                    "count": 2383,
                                                    "is_parallel": true,
                                                    "self": 0.31428889999960496,
                                                    "children": {
                                                        "UnityEnvironment._generate_step_input": {
                                                            "total": 0.402376600000105,
                                                            "count": 2383,
                                                            "is_parallel": true,
                                                            "self": 0.402376600000105
                                                        },
                                                        "communicator.exchange": {
                                                            "total": 12.06707189999994,
                                                            "count": 2383,
                                                            "is_parallel": true,
                                                            "self": 12.06707189999994
                                                        },
                                                        "steps_from_proto": {
                                                            "total": 0.873620900000077,
                                                            "count": 2383,
                                                            "is_parallel": true,
                                                            "self": 0.23223480000008578,